<configs>

	<append xpath="/paints">


		<paint id="AOO_Texture_001" name="AOO_Texture_001">
			<property name="Diffuse" value="#@modfolder:Resources/AOO_TexturePack01.unity3d?T_01_Diffuse.tga"/>
			<property name="Normal" value="#@modfolder:Resources/AOO_TexturePack01.unity3d?T_01_Normal.tga"/>
			<property name="Group" value="txGroupDecoration"/>
			<property name="Color" value="0.4823529,0.3490196,0.2901961"/>
			<property name="Material" value="wood" />
			<property name="PaintCost" value="1" />
		</paint>

		<paint id="AOO_Texture_002" name="AOO_Texture_002">
			<property name="Diffuse" value="#@modfolder:Resources/AOO_TexturePack01.unity3d?T_02_Diffuse.tga"/>
			<property name="Normal" value="#@modfolder:Resources/AOO_TexturePack01.unity3d?T_02_Normal.tga"/>
			<property name="Group" value="txGroupDecoration"/>
			<property name="Color" value="0.4823529,0.3490196,0.2901961"/>
			<property name="Material" value="wood" />
			<property name="PaintCost" value="1" />
		</paint>
		
		<paint id="AOO_Texture_003" name="AOO_Texture_003">
			<property name="Diffuse" value="#@modfolder:Resources/AOO_TexturePack01.unity3d?T_03_Diffuse.tga"/>
			<property name="Normal" value="#@modfolder:Resources/AOO_TexturePack01.unity3d?T_03_Normal.tga"/>
			<property name="Group" value="txGroupDecoration"/>
			<property name="Color" value="0.4823529,0.3490196,0.2901961"/>
			<property name="Material" value="wood" />
			<property name="PaintCost" value="1" />
		</paint>

		<paint id="AOO_Texture_004" name="AOO_Texture_004">
			<property name="Diffuse" value="#@modfolder:Resources/AOO_TexturePack01.unity3d?T_04_Diffuse.tga"/>
			<property name="Normal" value="#@modfolder:Resources/AOO_TexturePack01.unity3d?T_04_Normal.tga"/>
			<property name="Group" value="txGroupDecoration"/>
			<property name="Color" value="0.4823529,0.3490196,0.2901961"/>
			<property name="Material" value="wood" />
			<property name="PaintCost" value="1" />
		</paint>

		<paint id="AOO_Texture_005" name="AOO_Texture_005">
			<property name="Diffuse" value="#@modfolder:Resources/AOO_TexturePack01.unity3d?T_05_Diffuse.tga"/>
			<property name="Normal" value="#@modfolder:Resources/AOO_TexturePack01.unity3d?T_05_Normal.tga"/>
			<property name="Group" value="txGroupDecoration"/>
			<property name="Color" value="0.4823529,0.3490196,0.2901961"/>
			<property name="Material" value="wood" />
			<property name="PaintCost" value="1" />
		</paint>

		<paint id="AOO_Texture_006" name="AOO_Texture_006">
			<property name="Diffuse" value="#@modfolder:Resources/AOO_TexturePack01.unity3d?T_06_Diffuse.tga"/>
			<property name="Normal" value="#@modfolder:Resources/AOO_TexturePack01.unity3d?T_06_Normal.tga"/>
			<property name="Group" value="txGroupDecoration"/>
			<property name="Color" value="0.4823529,0.3490196,0.2901961"/>
			<property name="Material" value="wood" />
			<property name="PaintCost" value="1" />
		</paint>

		<paint id="AOO_Texture_007" name="AOO_Texture_007">
			<property name="Diffuse" value="#@modfolder:Resources/AOO_TexturePack01.unity3d?T_07_Diffuse.tga"/>
			<property name="Normal" value="#@modfolder:Resources/AOO_TexturePack01.unity3d?T_07_Normal.tga"/>
			<property name="Group" value="txGroupDecoration"/>
			<property name="Color" value="0.4823529,0.3490196,0.2901961"/>
			<property name="Material" value="wood" />
			<property name="PaintCost" value="1" />
		</paint>


		<paint id="AOO_Texture_008" name="AOO_Texture_008">
			<property name="Diffuse" value="#@modfolder:Resources/AOO_TexturePack01.unity3d?T_08_Diffuse.tga"/>
			<property name="Normal" value="#@modfolder:Resources/AOO_TexturePack01.unity3d?T_08_Normal.tga"/>
			<property name="Group" value="txGroupDecoration"/>
			<property name="Color" value="0.4823529,0.3490196,0.2901961"/>
			<property name="Material" value="wood" />
			<property name="PaintCost" value="1" />
		</paint>

		<paint id="AOO_Texture_009" name="AOO_Texture_009">
			<property name="Diffuse" value="#@modfolder:Resources/AOO_TexturePack01.unity3d?T_09_Diffuse.tga"/>
			<property name="Normal" value="#@modfolder:Resources/AOO_TexturePack01.unity3d?T_09_Normal.tga"/>
			<property name="Group" value="txGroupDecoration"/>
			<property name="Color" value="0.4823529,0.3490196,0.2901961"/>
			<property name="Material" value="wood" />
			<property name="PaintCost" value="1" />
		</paint>

		<paint id="AOO_Texture_010" name="AOO_Texture_010">
			<property name="Diffuse" value="#@modfolder:Resources/AOO_TexturePack01.unity3d?T_10_Diffuse.tga"/>
			<property name="Normal" value="#@modfolder:Resources/AOO_TexturePack01.unity3d?T_10_Normal.tga"/>
			<property name="Group" value="txGroupDecoration"/>
			<property name="Color" value="0.4823529,0.3490196,0.2901961"/>
			<property name="Material" value="wood" />
			<property name="PaintCost" value="1" />
		</paint>

		<paint id="AOO_Texture_011" name="AOO_Texture_011">
			<property name="Diffuse" value="#@modfolder:Resources/AOO_TexturePack01.unity3d?T_11_Diffuse.tga"/>
			<property name="Normal" value="#@modfolder:Resources/AOO_TexturePack01.unity3d?T_11_Normal.tga"/>
			<property name="Group" value="txGroupDecoration"/>
			<property name="Color" value="0.4823529,0.3490196,0.2901961"/>
			<property name="Material" value="wood" />
			<property name="PaintCost" value="1" />
		</paint>

		<paint id="AOO_Texture_012" name="AOO_Texture_012">
			<property name="Diffuse" value="#@modfolder:Resources/AOO_TexturePack01.unity3d?T_12_Diffuse.tga"/>
			<property name="Normal" value="#@modfolder:Resources/AOO_TexturePack01.unity3d?T_12_Normal.tga"/>
			<property name="Group" value="txGroupDecoration"/>
			<property name="Color" value="0.4823529,0.3490196,0.2901961"/>
			<property name="Material" value="wood" />
			<property name="PaintCost" value="1" />
		</paint>

		<paint id="AOO_Texture_013" name="AOO_Texture_013">
			<property name="Diffuse" value="#@modfolder:Resources/AOO_TexturePack01.unity3d?T_13_Diffuse.tga"/>
			<property name="Normal" value="#@modfolder:Resources/AOO_TexturePack01.unity3d?T_13_Normal.tga"/>
			<property name="Group" value="txGroupDecoration"/>
			<property name="Color" value="0.4823529,0.3490196,0.2901961"/>
			<property name="Material" value="wood" />
			<property name="PaintCost" value="1" />
		</paint>

		<paint id="AOO_Texture_014" name="AOO_Texture_014">
			<property name="Diffuse" value="#@modfolder:Resources/AOO_TexturePack01.unity3d?T_14_Diffuse.tga"/>
			<property name="Normal" value="#@modfolder:Resources/AOO_TexturePack01.unity3d?T_14_Normal.tga"/>
			<property name="Group" value="txGroupDecoration"/>
			<property name="Color" value="0.4823529,0.3490196,0.2901961"/>
			<property name="Material" value="wood" />
			<property name="PaintCost" value="1" />
		</paint>

		<paint id="AOO_Texture_015" name="AOO_Texture_015">
			<property name="Diffuse" value="#@modfolder:Resources/AOO_TexturePack01.unity3d?T_15_Diffuse.tga"/>
			<property name="Normal" value="#@modfolder:Resources/AOO_TexturePack01.unity3d?T_15_Normal.tga"/>
			<property name="Group" value="txGroupDecoration"/>
			<property name="Color" value="0.4823529,0.3490196,0.2901961"/>
			<property name="Material" value="wood" />
			<property name="PaintCost" value="1" />
		</paint>

		<paint id="AOO_Texture_016" name="AOO_Texture_016">
			<property name="Diffuse" value="#@modfolder:Resources/AOO_TexturePack01.unity3d?T_16_Diffuse.tga"/>
			<property name="Normal" value="#@modfolder:Resources/AOO_TexturePack01.unity3d?T_16_Normal.tga"/>
			<property name="Group" value="txGroupDecoration"/>
			<property name="Color" value="0.4823529,0.3490196,0.2901961"/>
			<property name="Material" value="wood" />
			<property name="PaintCost" value="1" />
		</paint>

		<paint id="AOO_Texture_017" name="AOO_Texture_017">
			<property name="Diffuse" value="#@modfolder:Resources/AOO_TexturePack01.unity3d?T_17_Diffuse.tga"/>
			<property name="Normal" value="#@modfolder:Resources/AOO_TexturePack01.unity3d?T_17_Normal.tga"/>
			<property name="Group" value="txGroupDecoration"/>
			<property name="Color" value="0.4823529,0.3490196,0.2901961"/>
			<property name="Material" value="wood" />
			<property name="PaintCost" value="1" />
		</paint>

		<paint id="AOO_Texture_018" name="AOO_Texture_018">
			<property name="Diffuse" value="#@modfolder:Resources/AOO_TexturePack01.unity3d?T_18_Diffuse.tga"/>
			<property name="Normal" value="#@modfolder:Resources/AOO_TexturePack01.unity3d?T_18_Normal.tga"/>
			<property name="Group" value="txGroupDecoration"/>
			<property name="Color" value="0.4823529,0.3490196,0.2901961"/>
			<property name="Material" value="wood" />
			<property name="PaintCost" value="1" />
		</paint>

		<paint id="AOO_Texture_019" name="AOO_Texture_019">
			<property name="Diffuse" value="#@modfolder:Resources/AOO_TexturePack01.unity3d?T_19_Diffuse.tga"/>
			<property name="Normal" value="#@modfolder:Resources/AOO_TexturePack01.unity3d?T_19_Normal.tga"/>
			<property name="Group" value="txGroupDecoration"/>
			<property name="Color" value="0.4823529,0.3490196,0.2901961"/>
			<property name="Material" value="wood" />
			<property name="PaintCost" value="1" />
		</paint>

		<paint id="AOO_Texture_020" name="AOO_Texture_020">
			<property name="Diffuse" value="#@modfolder:Resources/AOO_TexturePack01.unity3d?T_20_Diffuse.tga"/>
			<property name="Normal" value="#@modfolder:Resources/AOO_TexturePack01.unity3d?T_20_Normal.tga"/>
			<property name="Group" value="txGroupDecoration"/>
			<property name="Color" value="0.4823529,0.3490196,0.2901961"/>
			<property name="Material" value="wood" />
			<property name="PaintCost" value="1" />
		</paint>


		<paint id="AOO_Texture_021" name="AOO_Texture_021">
			<property name="Diffuse" value="#@modfolder:Resources/AOO_TexturePack01.unity3d?T_21_Diffuse.tga"/>
			<property name="Normal" value="#@modfolder:Resources/AOO_TexturePack01.unity3d?T_21_Normal.tga"/>
			<property name="Group" value="txGroupDecoration"/>
			<property name="Color" value="0.4823529,0.3490196,0.2901961"/>
			<property name="Material" value="wood" />
			<property name="PaintCost" value="1" />
		</paint>

		<paint id="AOO_Texture_022" name="AOO_Texture_022">
			<property name="Diffuse" value="#@modfolder:Resources/AOO_TexturePack01.unity3d?T_22_Diffuse.tga"/>
			<property name="Normal" value="#@modfolder:Resources/AOO_TexturePack01.unity3d?T_22_Normal.tga"/>
			<property name="Group" value="txGroupDecoration"/>
			<property name="Color" value="0.4823529,0.3490196,0.2901961"/>
			<property name="Material" value="wood" />
			<property name="PaintCost" value="1" />
		</paint>

		<paint id="AOO_Texture_023" name="AOO_Texture_023">
			<property name="Diffuse" value="#@modfolder:Resources/AOO_TexturePack01.unity3d?T_23_Diffuse.tga"/>
			<property name="Normal" value="#@modfolder:Resources/AOO_TexturePack01.unity3d?T_23_Normal.tga"/>
			<property name="Group" value="txGroupDecoration"/>
			<property name="Color" value="0.4823529,0.3490196,0.2901961"/>
			<property name="Material" value="wood" />
			<property name="PaintCost" value="1" />
		</paint>

		<paint id="AOO_Texture_024" name="AOO_Texture_024">
			<property name="Diffuse" value="#@modfolder:Resources/AOO_TexturePack01.unity3d?T_24_Diffuse.tga"/>
			<property name="Normal" value="#@modfolder:Resources/AOO_TexturePack01.unity3d?T_24_Normal.tga"/>
			<property name="Group" value="txGroupDecoration"/>
			<property name="Color" value="0.4823529,0.3490196,0.2901961"/>
			<property name="Material" value="wood" />
			<property name="PaintCost" value="1" />
		</paint>

		<paint id="AOO_Texture_025" name="AOO_Texture_025">
			<property name="Diffuse" value="#@modfolder:Resources/AOO_TexturePack01.unity3d?T_25_Diffuse.tga"/>
			<property name="Normal" value="#@modfolder:Resources/AOO_TexturePack01.unity3d?T_25_Normal.tga"/>
			<property name="Group" value="txGroupDecoration"/>
			<property name="Color" value="0.4823529,0.3490196,0.2901961"/>
			<property name="Material" value="wood" />
			<property name="PaintCost" value="1" />
		</paint>

		<paint id="AOO_Texture_026" name="AOO_Texture_026">
			<property name="Diffuse" value="#@modfolder:Resources/AOO_TexturePack01.unity3d?T_26_Diffuse.tga"/>
			<property name="Normal" value="#@modfolder:Resources/AOO_TexturePack01.unity3d?T_26_Normal.tga"/>
			<property name="Group" value="txGroupDecoration"/>
			<property name="Color" value="0.4823529,0.3490196,0.2901961"/>
			<property name="Material" value="wood" />
			<property name="PaintCost" value="1" />
		</paint>

		<paint id="AOO_Texture_027" name="AOO_Texture_027">
			<property name="Diffuse" value="#@modfolder:Resources/AOO_TexturePack01.unity3d?T_27_Diffuse.tga"/>
			<property name="Normal" value="#@modfolder:Resources/AOO_TexturePack01.unity3d?T_27_Normal.tga"/>
			<property name="Group" value="txGroupDecoration"/>
			<property name="Color" value="0.4823529,0.3490196,0.2901961"/>
			<property name="Material" value="wood" />
			<property name="PaintCost" value="1" />
		</paint>

		<paint id="AOO_Texture_028" name="AOO_Texture_028">
			<property name="Diffuse" value="#@modfolder:Resources/AOO_TexturePack01.unity3d?T_28_Diffuse.tga"/>
			<property name="Normal" value="#@modfolder:Resources/AOO_TexturePack01.unity3d?T_28_Normal.tga"/>
			<property name="Group" value="txGroupDecoration"/>
			<property name="Color" value="0.4823529,0.3490196,0.2901961"/>
			<property name="Material" value="wood" />
			<property name="PaintCost" value="1" />
		</paint>

		<paint id="AOO_Texture_029" name="AOO_Texture_029">
			<property name="Diffuse" value="#@modfolder:Resources/AOO_TexturePack01.unity3d?T_29_Diffuse.tga"/>
			<property name="Normal" value="#@modfolder:Resources/AOO_TexturePack01.unity3d?T_29_Normal.tga"/>
			<property name="Group" value="txGroupDecoration"/>
			<property name="Color" value="0.4823529,0.3490196,0.2901961"/>
			<property name="Material" value="wood" />
			<property name="PaintCost" value="1" />
		</paint>

		<paint id="AOO_Texture_030" name="AOO_Texture_030">
			<property name="Diffuse" value="#@modfolder:Resources/AOO_TexturePack01.unity3d?T_30_Diffuse.tga"/>
			<property name="Normal" value="#@modfolder:Resources/AOO_TexturePack01.unity3d?T_30_Normal.tga"/>
			<property name="Group" value="txGroupDecoration"/>
			<property name="Color" value="0.4823529,0.3490196,0.2901961"/>
			<property name="Material" value="wood" />
			<property name="PaintCost" value="1" />
		</paint>

		<paint id="AOO_Texture_031" name="AOO_Texture_031">
			<property name="Diffuse" value="#@modfolder:Resources/AOO_TexturePack01.unity3d?T_31_Diffuse.tga"/>
			<property name="Normal" value="#@modfolder:Resources/AOO_TexturePack01.unity3d?T_31_Normal.tga"/>
			<property name="Group" value="txGroupDecoration"/>
			<property name="Color" value="0.4823529,0.3490196,0.2901961"/>
			<property name="Material" value="wood" />
			<property name="PaintCost" value="1" />
		</paint>

		<paint id="AOO_Texture_032" name="AOO_Texture_032">
			<property name="Diffuse" value="#@modfolder:Resources/AOO_TexturePack01.unity3d?T_32_Diffuse.tga"/>
			<property name="Normal" value="#@modfolder:Resources/AOO_TexturePack01.unity3d?T_32_Normal.tga"/>
			<property name="Group" value="txGroupDecoration"/>
			<property name="Color" value="0.4823529,0.3490196,0.2901961"/>
			<property name="Material" value="wood" />
			<property name="PaintCost" value="1" />
		</paint>

		<paint id="AOO_Texture_033" name="AOO_Texture_033">
			<property name="Diffuse" value="#@modfolder:Resources/AOO_TexturePack01.unity3d?T_33_Diffuse.tga"/>
			<property name="Normal" value="#@modfolder:Resources/AOO_TexturePack01.unity3d?T_33_Normal.tga"/>
			<property name="Group" value="txGroupDecoration"/>
			<property name="Color" value="0.4823529,0.3490196,0.2901961"/>
			<property name="Material" value="wood" />
			<property name="PaintCost" value="1" />
		</paint>

		<paint id="AOO_Texture_034" name="AOO_Texture_034">
			<property name="Diffuse" value="#@modfolder:Resources/AOO_TexturePack01.unity3d?T_34_Diffuse.tga"/>
			<property name="Normal" value="#@modfolder:Resources/AOO_TexturePack01.unity3d?T_34_Normal.tga"/>
			<property name="Group" value="txGroupDecoration"/>
			<property name="Color" value="0.4823529,0.3490196,0.2901961"/>
			<property name="Material" value="wood" />
			<property name="PaintCost" value="1" />
		</paint>

		<paint id="AOO_Texture_035" name="AOO_Texture_035">
			<property name="Diffuse" value="#@modfolder:Resources/AOO_TexturePack01.unity3d?T_35_Diffuse.tga"/>
			<property name="Normal" value="#@modfolder:Resources/AOO_TexturePack01.unity3d?T_35_Normal.tga"/>
			<property name="Group" value="txGroupDecoration"/>
			<property name="Color" value="0.4823529,0.3490196,0.2901961"/>
			<property name="Material" value="wood" />
			<property name="PaintCost" value="1" />
		</paint>

		<paint id="AOO_Texture_036" name="AOO_Texture_036">
			<property name="Diffuse" value="#@modfolder:Resources/AOO_TexturePack01.unity3d?T_36_Diffuse.tga"/>
			<property name="Normal" value="#@modfolder:Resources/AOO_TexturePack01.unity3d?T_36_Normal.tga"/>
			<property name="Group" value="txGroupDecoration"/>
			<property name="Color" value="0.4823529,0.3490196,0.2901961"/>
			<property name="Material" value="wood" />
			<property name="PaintCost" value="1" />
		</paint>

		<paint id="AOO_Texture_037" name="AOO_Texture_037">
			<property name="Diffuse" value="#@modfolder:Resources/AOO_TexturePack01.unity3d?T_37_Diffuse.tga"/>
			<property name="Normal" value="#@modfolder:Resources/AOO_TexturePack01.unity3d?T_37_Normal.tga"/>
			<property name="Group" value="txGroupDecoration"/>
			<property name="Color" value="0.4823529,0.3490196,0.2901961"/>
			<property name="Material" value="wood" />
			<property name="PaintCost" value="1" />
		</paint>

		<paint id="AOO_Texture_038" name="AOO_Texture_038">
			<property name="Diffuse" value="#@modfolder:Resources/AOO_TexturePack01.unity3d?T_38_Diffuse.tga"/>
			<property name="Normal" value="#@modfolder:Resources/AOO_TexturePack01.unity3d?T_38_Normal.tga"/>
			<property name="Group" value="txGroupDecoration"/>
			<property name="Color" value="0.4823529,0.3490196,0.2901961"/>
			<property name="Material" value="wood" />
			<property name="PaintCost" value="1" />
		</paint>

		<paint id="AOO_Texture_039" name="AOO_Texture_039">
			<property name="Diffuse" value="#@modfolder:Resources/AOO_TexturePack01.unity3d?T_39_Diffuse.tga"/>
			<property name="Normal" value="#@modfolder:Resources/AOO_TexturePack01.unity3d?T_39_Normal.tga"/>
			<property name="Group" value="txGroupDecoration"/>
			<property name="Color" value="0.4823529,0.3490196,0.2901961"/>
			<property name="Material" value="wood" />
			<property name="PaintCost" value="1" />
		</paint>

		<paint id="AOO_Texture_040" name="AOO_Texture_040">
			<property name="Diffuse" value="#@modfolder:Resources/AOO_TexturePack01.unity3d?T_40_Diffuse.tga"/>
			<property name="Normal" value="#@modfolder:Resources/AOO_TexturePack01.unity3d?T_40_Normal.tga"/>
			<property name="Group" value="txGroupDecoration"/>
			<property name="Color" value="0.4823529,0.3490196,0.2901961"/>
			<property name="Material" value="wood" />
			<property name="PaintCost" value="1" />
		</paint>

		<paint id="AOO_Texture_041" name="AOO_Texture_041">
			<property name="Diffuse" value="#@modfolder:Resources/AOO_TexturePack01.unity3d?T_41_Diffuse.tga"/>
			<property name="Normal" value="#@modfolder:Resources/AOO_TexturePack01.unity3d?T_41_Normal.tga"/>
			<property name="Group" value="txGroupDecoration"/>
			<property name="Color" value="0.4823529,0.3490196,0.2901961"/>
			<property name="Material" value="wood" />
			<property name="PaintCost" value="1" />
		</paint>

		<paint id="AOO_Texture_042" name="AOO_Texture_042">
			<property name="Diffuse" value="#@modfolder:Resources/AOO_TexturePack01.unity3d?T_42_Diffuse.tga"/>
			<property name="Normal" value="#@modfolder:Resources/AOO_TexturePack01.unity3d?T_42_Normal.tga"/>
			<property name="Group" value="txGroupDecoration"/>
			<property name="Color" value="0.4823529,0.3490196,0.2901961"/>
			<property name="Material" value="wood" />
			<property name="PaintCost" value="1" />
		</paint>

		<paint id="AOO_Texture_043" name="AOO_Texture_043">
			<property name="Diffuse" value="#@modfolder:Resources/AOO_TexturePack01.unity3d?T_43_Diffuse.tga"/>
			<property name="Normal" value="#@modfolder:Resources/AOO_TexturePack01.unity3d?T_43_Normal.tga"/>
			<property name="Group" value="txGroupDecoration"/>
			<property name="Color" value="0.4823529,0.3490196,0.2901961"/>
			<property name="Material" value="wood" />
			<property name="PaintCost" value="1" />
		</paint>

		<paint id="AOO_Texture_044" name="AOO_Texture_044">
			<property name="Diffuse" value="#@modfolder:Resources/AOO_TexturePack01.unity3d?T_44_Diffuse.tga"/>
			<property name="Normal" value="#@modfolder:Resources/AOO_TexturePack01.unity3d?T_44_Normal.tga"/>
			<property name="Group" value="txGroupDecoration"/>
			<property name="Color" value="0.4823529,0.3490196,0.2901961"/>
			<property name="Material" value="wood" />
			<property name="PaintCost" value="1" />
		</paint>

		<paint id="AOO_Texture_045" name="AOO_Texture_045">
			<property name="Diffuse" value="#@modfolder:Resources/AOO_TexturePack01.unity3d?T_45_Diffuse.tga"/>
			<property name="Normal" value="#@modfolder:Resources/AOO_TexturePack01.unity3d?T_45_Normal.tga"/>
			<property name="Group" value="txGroupDecoration"/>
			<property name="Color" value="0.4823529,0.3490196,0.2901961"/>
			<property name="Material" value="wood" />
			<property name="PaintCost" value="1" />
		</paint>

		<paint id="AOO_Texture_046" name="AOO_Texture_046">
			<property name="Diffuse" value="#@modfolder:Resources/AOO_TexturePack01.unity3d?T_46_Diffuse.tga"/>
			<property name="Normal" value="#@modfolder:Resources/AOO_TexturePack01.unity3d?T_46_Normal.tga"/>
			<property name="Group" value="txGroupDecoration"/>
			<property name="Color" value="0.4823529,0.3490196,0.2901961"/>
			<property name="Material" value="wood" />
			<property name="PaintCost" value="1" />
		</paint>


		<paint id="AOO_Texture_047" name="AOO_Texture_047">
			<property name="Diffuse" value="#@modfolder:Resources/AOO_TexturePack01.unity3d?T_47_Diffuse.tga"/>
			<property name="Normal" value="#@modfolder:Resources/AOO_TexturePack01.unity3d?T_47_Normal.tga"/>
			<property name="Group" value="txGroupDecoration"/>
			<property name="Color" value="0.4823529,0.3490196,0.2901961"/>
			<property name="Material" value="wood" />
			<property name="PaintCost" value="1" />
		</paint>


		<paint id="AOO_Texture_048" name="AOO_Texture_048">
			<property name="Diffuse" value="#@modfolder:Resources/AOO_TexturePack01.unity3d?T_48_Diffuse.tga"/>
			<property name="Normal" value="#@modfolder:Resources/AOO_TexturePack01.unity3d?T_48_Normal.tga"/>
			<property name="Group" value="txGroupDecoration"/>
			<property name="Color" value="0.4823529,0.3490196,0.2901961"/>
			<property name="Material" value="wood" />
			<property name="PaintCost" value="1" />
		</paint>

		<paint id="AOO_Texture_049" name="AOO_Texture_049">
			<property name="Diffuse" value="#@modfolder:Resources/AOO_TexturePack01.unity3d?T_49_Diffuse.tga"/>
			<property name="Normal" value="#@modfolder:Resources/AOO_TexturePack01.unity3d?T_49_Normal.tga"/>
			<property name="Group" value="txGroupDecoration"/>
			<property name="Color" value="0.4823529,0.3490196,0.2901961"/>
			<property name="Material" value="wood" />
			<property name="PaintCost" value="1" />
		</paint>

		<paint id="AOO_Texture_050" name="AOO_Texture_050">
			<property name="Diffuse" value="#@modfolder:Resources/AOO_TexturePack01.unity3d?T_50_Diffuse.tga"/>
			<property name="Normal" value="#@modfolder:Resources/AOO_TexturePack01.unity3d?T_50_Normal.tga"/>
			<property name="Group" value="txGroupDecoration"/>
			<property name="Color" value="0.4823529,0.3490196,0.2901961"/>
			<property name="Material" value="wood" />
			<property name="PaintCost" value="1" />
		</paint>

		<paint id="AOO_Texture_051" name="AOO_Texture_051">
			<property name="Diffuse" value="#@modfolder:Resources/AOO_TexturePack02.unity3d?diffuse1.tga"/>
			<property name="Normal" value="#@modfolder:Resources/AOO_TexturePack02.unity3d?normal1.tga"/>
			<property name="Group" value="txGroupDecoration"/>
			<property name="Color" value="0.4823529,0.3490196,0.2901961"/>
			<property name="Material" value="wood" />
			<property name="PaintCost" value="1" />
		</paint>

		<paint id="AOO_Texture_052" name="AOO_Texture_052">
			<property name="Diffuse" value="#@modfolder:Resources/AOO_TexturePack02.unity3d?diffuse2.tga"/>
			<property name="Normal" value="#@modfolder:Resources/AOO_TexturePack02.unity3d?normal2.tga"/>
			<property name="Group" value="txGroupDecoration"/>
			<property name="Color" value="0.4823529,0.3490196,0.2901961"/>
			<property name="Material" value="wood" />
			<property name="PaintCost" value="1" />
		</paint>

		<paint id="AOO_Texture_053" name="AOO_Texture_053">
			<property name="Diffuse" value="#@modfolder:Resources/AOO_TexturePack02.unity3d?diffuse3.tga"/>
			<property name="Normal" value="#@modfolder:Resources/AOO_TexturePack02.unity3d?normal3.tga"/>
			<property name="Group" value="txGroupDecoration"/>
			<property name="Color" value="0.4823529,0.3490196,0.2901961"/>
			<property name="Material" value="wood" />
			<property name="PaintCost" value="1" />
		</paint>

		<paint id="AOO_Texture_054" name="AOO_Texture_054">
			<property name="Diffuse" value="#@modfolder:Resources/AOO_TexturePack02.unity3d?diffuse4.tga"/>
			<property name="Normal" value="#@modfolder:Resources/AOO_TexturePack02.unity3d?normal4.tga"/>
			<property name="Group" value="txGroupDecoration"/>
			<property name="Color" value="0.4823529,0.3490196,0.2901961"/>
			<property name="Material" value="wood" />
			<property name="PaintCost" value="1" />
		</paint>

		<paint id="AOO_Texture_055" name="AOO_Texture_055">
			<property name="Diffuse" value="#@modfolder:Resources/AOO_TexturePack02.unity3d?diffuse5.tga"/>
			<property name="Normal" value="#@modfolder:Resources/AOO_TexturePack02.unity3d?normal5.tga"/>
			<property name="Group" value="txGroupDecoration"/>
			<property name="Color" value="0.4823529,0.3490196,0.2901961"/>
			<property name="Material" value="wood" />
			<property name="PaintCost" value="1" />
		</paint>

		<paint id="AOO_Texture_056" name="AOO_Texture_056">
			<property name="Diffuse" value="#@modfolder:Resources/AOO_TexturePack02.unity3d?diffuse6.tga"/>
			<property name="Normal" value="#@modfolder:Resources/AOO_TexturePack02.unity3d?normal6.tga"/>
			<property name="Group" value="txGroupDecoration"/>
			<property name="Color" value="0.4823529,0.3490196,0.2901961"/>
			<property name="Material" value="wood" />
			<property name="PaintCost" value="1" />
		</paint>

		<paint id="AOO_Texture_057" name="AOO_Texture_057">
			<property name="Diffuse" value="#@modfolder:Resources/AOO_TexturePack02.unity3d?diffuse7.tga"/>
			<property name="Normal" value="#@modfolder:Resources/AOO_TexturePack02.unity3d?normal7.tga"/>
			<property name="Group" value="txGroupDecoration"/>
			<property name="Color" value="0.4823529,0.3490196,0.2901961"/>
			<property name="Material" value="wood" />
			<property name="PaintCost" value="1" />
		</paint>

		<paint id="AOO_Texture_058" name="AOO_Texture_058">
			<property name="Diffuse" value="#@modfolder:Resources/AOO_TexturePack02.unity3d?diffuse8.tga"/>
			<property name="Normal" value="#@modfolder:Resources/AOO_TexturePack02.unity3d?normal8.tga"/>
			<property name="Group" value="txGroupDecoration"/>
			<property name="Color" value="0.4823529,0.3490196,0.2901961"/>
			<property name="Material" value="wood" />
			<property name="PaintCost" value="1" />
		</paint>


		<paint id="AOO_Texture_059" name="AOO_Texture_059">
			<property name="Diffuse" value="#@modfolder:Resources/AOO_TexturePack02.unity3d?diffuse9.tga"/>
			<property name="Normal" value="#@modfolder:Resources/AOO_TexturePack02.unity3d?normal9.tga"/>
			<property name="Group" value="txGroupDecoration"/>
			<property name="Color" value="0.4823529,0.3490196,0.2901961"/>
			<property name="Material" value="wood" />
			<property name="PaintCost" value="1" />
		</paint>

		<paint id="AOO_Texture_060" name="AOO_Texture_060">
			<property name="Diffuse" value="#@modfolder:Resources/AOO_TexturePack02.unity3d?diffuse10.tga"/>
			<property name="Normal" value="#@modfolder:Resources/AOO_TexturePack02.unity3d?normal10.tga"/>
			<property name="Group" value="txGroupDecoration"/>
			<property name="Color" value="0.4823529,0.3490196,0.2901961"/>
			<property name="Material" value="wood" />
			<property name="PaintCost" value="1" />
		</paint>

		<paint id="AOO_Texture_061" name="AOO_Texture_061">
			<property name="Diffuse" value="#@modfolder:Resources/AOO_TexturePack02.unity3d?diffuse11.tga"/>
			<property name="Normal" value="#@modfolder:Resources/AOO_TexturePack02.unity3d?normal11.tga"/>
			<property name="Group" value="txGroupDecoration"/>
			<property name="Color" value="0.4823529,0.3490196,0.2901961"/>
			<property name="Material" value="wood" />
			<property name="PaintCost" value="1" />
		</paint>

		<paint id="AOO_Texture_062" name="AOO_Texture_062">
			<property name="Diffuse" value="#@modfolder:Resources/AOO_TexturePack02.unity3d?diffuse12.tga"/>
			<property name="Normal" value="#@modfolder:Resources/AOO_TexturePack02.unity3d?normal12.tga"/>
			<property name="Group" value="txGroupDecoration"/>
			<property name="Color" value="0.4823529,0.3490196,0.2901961"/>
			<property name="Material" value="wood" />
			<property name="PaintCost" value="1" />
		</paint>

		<paint id="AOO_Texture_063" name="AOO_Texture_063">
			<property name="Diffuse" value="#@modfolder:Resources/AOO_TexturePack02.unity3d?diffuse13.tga"/>
			<property name="Normal" value="#@modfolder:Resources/AOO_TexturePack02.unity3d?normal13.tga"/>
			<property name="Group" value="txGroupDecoration"/>
			<property name="Color" value="0.4823529,0.3490196,0.2901961"/>
			<property name="Material" value="wood" />
			<property name="PaintCost" value="1" />
		</paint>

		<paint id="AOO_Texture_064" name="AOO_Texture_064">
			<property name="Diffuse" value="#@modfolder:Resources/AOO_TexturePack02.unity3d?diffuse14.tga"/>
			<property name="Normal" value="#@modfolder:Resources/AOO_TexturePack02.unity3d?normal14.tga"/>
			<property name="Group" value="txGroupDecoration"/>
			<property name="Color" value="0.4823529,0.3490196,0.2901961"/>
			<property name="Material" value="wood" />
			<property name="PaintCost" value="1" />
		</paint>

		<paint id="AOO_Texture_065" name="AOO_Texture_065">
			<property name="Diffuse" value="#@modfolder:Resources/AOO_TexturePack02.unity3d?diffuse15.tga"/>
			<property name="Normal" value="#@modfolder:Resources/AOO_TexturePack02.unity3d?normal15.tga"/>
			<property name="Group" value="txGroupDecoration"/>
			<property name="Color" value="0.4823529,0.3490196,0.2901961"/>
			<property name="Material" value="wood" />
			<property name="PaintCost" value="1" />
		</paint>


		<paint id="AOO_Texture_066" name="AOO_Texture_066">
			<property name="Diffuse" value="#@modfolder:Resources/AOO_TexturePack02.unity3d?diffuse16.tga"/>
			<property name="Normal" value="#@modfolder:Resources/AOO_TexturePack02.unity3d?normal16.tga"/>
			<property name="Group" value="txGroupDecoration"/>
			<property name="Color" value="0.4823529,0.3490196,0.2901961"/>
			<property name="Material" value="wood" />
			<property name="PaintCost" value="1" />
		</paint>


		<paint id="AOO_Texture_067" name="AOO_Texture_067">
			<property name="Diffuse" value="#@modfolder:Resources/AOO_TexturePack02.unity3d?diffuse17.tga"/>
			<property name="Normal" value="#@modfolder:Resources/AOO_TexturePack02.unity3d?normal17.tga"/>
			<property name="Group" value="txGroupDecoration"/>
			<property name="Color" value="0.4823529,0.3490196,0.2901961"/>
			<property name="Material" value="wood" />
			<property name="PaintCost" value="1" />
		</paint>

		<paint id="AOO_Texture_068" name="AOO_Texture_068">
			<property name="Diffuse" value="#@modfolder:Resources/AOO_TexturePack02.unity3d?diffuse18.tga"/>
			<property name="Normal" value="#@modfolder:Resources/AOO_TexturePack02.unity3d?normal18.tga"/>
			<property name="Group" value="txGroupDecoration"/>
			<property name="Color" value="0.4823529,0.3490196,0.2901961"/>
			<property name="Material" value="wood" />
			<property name="PaintCost" value="1" />
		</paint>

		<paint id="AOO_Texture_069" name="AOO_Texture_069">
			<property name="Diffuse" value="#@modfolder:Resources/AOO_TexturePack02.unity3d?diffuse19.tga"/>
			<property name="Normal" value="#@modfolder:Resources/AOO_TexturePack02.unity3d?normal19.tga"/>
			<property name="Group" value="txGroupDecoration"/>
			<property name="Color" value="0.4823529,0.3490196,0.2901961"/>
			<property name="Material" value="wood" />
			<property name="PaintCost" value="1" />
		</paint>

		<paint id="AOO_Texture_070" name="AOO_Texture_070">
			<property name="Diffuse" value="#@modfolder:Resources/AOO_TexturePack02.unity3d?diffuse20.tga"/>
			<property name="Normal" value="#@modfolder:Resources/AOO_TexturePack02.unity3d?normal20.tga"/>
			<property name="Group" value="txGroupDecoration"/>
			<property name="Color" value="0.4823529,0.3490196,0.2901961"/>
			<property name="Material" value="wood" />
			<property name="PaintCost" value="1" />
		</paint>

		<paint id="AOO_Texture_071" name="AOO_Texture_071">
			<property name="Diffuse" value="#@modfolder:Resources/AOO_TexturePack03.unity3d?Tiles_floor(01)_Albedo.tga"/>
			<property name="Normal" value="#@modfolder:Resources/AOO_TexturePack03.unity3d?Tiles_floor(01)_Normals.tga"/>
			<property name="Group" value="txGroupDecoration"/>
			<property name="Color" value="0.4823529,0.3490196,0.2901961"/>
			<property name="Material" value="wood" />
			<property name="PaintCost" value="1" />
		</paint>

		<paint id="AOO_Texture_072" name="AOO_Texture_072">
			<property name="Diffuse" value="#@modfolder:Resources/AOO_TexturePack03.unity3d?Tiles_floor(02)_Albedo.tga"/>
			<property name="Normal" value="#@modfolder:Resources/AOO_TexturePack03.unity3d?Tiles_floor(02)_Normals.tga"/>
			<property name="Group" value="txGroupDecoration"/>
			<property name="Color" value="0.4823529,0.3490196,0.2901961"/>
			<property name="Material" value="wood" />
			<property name="PaintCost" value="1" />
		</paint>

<!--
		<paint id="AOO_Texture_073" name="AOO_Texture_073">
			<property name="Diffuse" value="#@modfolder:Resources/AOO_TexturePack03.unity3d?Tiles_floor(03)_Albedo.tga"/>
			<property name="Normal" value="#@modfolder:Resources/AOO_TexturePack03.unity3d?Tiles_floor(03)_Normals.tga"/>
			<property name="Group" value="txGroupDecoration"/>
			<property name="Color" value="0.4823529,0.3490196,0.2901961"/>
			<property name="Material" value="wood" />
			<property name="PaintCost" value="1" />
		</paint>

		<paint id="AOO_Texture_074" name="AOO_Texture_074">
			<property name="Diffuse" value="#@modfolder:Resources/AOO_TexturePack03.unity3d?Tiles_floor(04)_Albedo.tga"/>
			<property name="Normal" value="#@modfolder:Resources/AOO_TexturePack03.unity3d?Tiles_floor(04)_Normals.tga"/>
			<property name="Group" value="txGroupDecoration"/>
			<property name="Color" value="0.4823529,0.3490196,0.2901961"/>
			<property name="Material" value="wood" />
			<property name="PaintCost" value="1" />
		</paint>

		<paint id="AOO_Texture_075" name="AOO_Texture_075">
			<property name="Diffuse" value="#@modfolder:Resources/AOO_TexturePack03.unity3d?Tiles_floor(05)_Albedo.tga"/>
			<property name="Normal" value="#@modfolder:Resources/AOO_TexturePack03.unity3d?Tiles_floor(05)_Normals.tga"/>
			<property name="Group" value="txGroupDecoration"/>
			<property name="Color" value="0.4823529,0.3490196,0.2901961"/>
			<property name="Material" value="wood" />
			<property name="PaintCost" value="1" />
		</paint>


		<paint id="AOO_Texture_076" name="AOO_Texture_076">
			<property name="Diffuse" value="#@modfolder:Resources/AOO_TexturePack03.unity3d?Tiles_floor(06)_Albedo.tga"/>
			<property name="Normal" value="#@modfolder:Resources/AOO_TexturePack03.unity3d?Tiles_floor(06)_Normals.tga"/>
			<property name="Group" value="txGroupDecoration"/>
			<property name="Color" value="0.4823529,0.3490196,0.2901961"/>
			<property name="Material" value="wood" />
			<property name="PaintCost" value="1" />
		</paint>


		<paint id="AOO_Texture_077" name="AOO_Texture_077">
			<property name="Diffuse" value="#@modfolder:Resources/AOO_TexturePack03.unity3d?Tiles_floor(07)_Albedo.tga"/>
			<property name="Normal" value="#@modfolder:Resources/AOO_TexturePack03.unity3d?Tiles_floor(07)_Normals.tga"/>
			<property name="Group" value="txGroupDecoration"/>
			<property name="Color" value="0.4823529,0.3490196,0.2901961"/>
			<property name="Material" value="wood" />
			<property name="PaintCost" value="1" />
		</paint>


		<paint id="AOO_Texture_078" name="AOO_Texture_078">
			<property name="Diffuse" value="#@modfolder:Resources/AOO_TexturePack03.unity3d?Tiles_floor(08)_Albedo.tga"/>
			<property name="Normal" value="#@modfolder:Resources/AOO_TexturePack03.unity3d?Tiles_floor(08)_Normals.tga"/>
			<property name="Group" value="txGroupDecoration"/>
			<property name="Color" value="0.4823529,0.3490196,0.2901961"/>
			<property name="Material" value="wood" />
			<property name="PaintCost" value="1" />
		</paint>


		<paint id="AOO_Texture_079" name="AOO_Texture_079">
			<property name="Diffuse" value="#@modfolder:Resources/AOO_TexturePack03.unity3d?Tiles_floor(09)_Albedo.tga"/>
			<property name="Normal" value="#@modfolder:Resources/AOO_TexturePack03.unity3d?Tiles_floor(09)_Normals.tga"/>
			<property name="Group" value="txGroupDecoration"/>
			<property name="Color" value="0.4823529,0.3490196,0.2901961"/>
			<property name="Material" value="wood" />
			<property name="PaintCost" value="1" />
		</paint>


		<paint id="AOO_Texture_080" name="AOO_Texture_080">
			<property name="Diffuse" value="#@modfolder:Resources/AOO_TexturePack03.unity3d?Tiles_floor(10)_Albedo.tga"/>
			<property name="Normal" value="#@modfolder:Resources/AOO_TexturePack03.unity3d?Tiles_floor(10)_Normals.tga"/>
			<property name="Group" value="txGroupDecoration"/>
			<property name="Color" value="0.4823529,0.3490196,0.2901961"/>
			<property name="Material" value="wood" />
			<property name="PaintCost" value="1" />
		</paint>

		<paint id="AOO_Texture_081" name="AOO_Texture_081">
			<property name="Diffuse" value="#@modfolder:Resources/AOO_TexturePack03.unity3d?Tiles_floor(11)_Albedo.tga"/>
			<property name="Normal" value="#@modfolder:Resources/AOO_TexturePack03.unity3d?Tiles_floor(11)_Normals.tga"/>
			<property name="Group" value="txGroupDecoration"/>
			<property name="Color" value="0.4823529,0.3490196,0.2901961"/>
			<property name="Material" value="wood" />
			<property name="PaintCost" value="1" />
		</paint>

		<paint id="AOO_Texture_082" name="AOO_Texture_082">
			<property name="Diffuse" value="#@modfolder:Resources/AOO_TexturePack03.unity3d?Tiles_floor(12)_Albedo.tga"/>
			<property name="Normal" value="#@modfolder:Resources/AOO_TexturePack03.unity3d?Tiles_floor(12)_Normals.tga"/>
			<property name="Group" value="txGroupDecoration"/>
			<property name="Color" value="0.4823529,0.3490196,0.2901961"/>
			<property name="Material" value="wood" />
			<property name="PaintCost" value="1" />
		</paint>

		<paint id="AOO_Texture_083" name="AOO_Texture_083">
			<property name="Diffuse" value="#@modfolder:Resources/AOO_TexturePack03.unity3d?Tiles_floor(13)_Albedo.tga"/>
			<property name="Normal" value="#@modfolder:Resources/AOO_TexturePack03.unity3d?Tiles_floor(13)_Normals.tga"/>
			<property name="Group" value="txGroupDecoration"/>
			<property name="Color" value="0.4823529,0.3490196,0.2901961"/>
			<property name="Material" value="wood" />
			<property name="PaintCost" value="1" />
		</paint>

		<paint id="AOO_Texture_084" name="AOO_Texture_084">
			<property name="Diffuse" value="#@modfolder:Resources/AOO_TexturePack03.unity3d?Tiles_floor(14)_Albedo.tga"/>
			<property name="Normal" value="#@modfolder:Resources/AOO_TexturePack03.unity3d?Tiles_floor(14)_Normals.tga"/>
			<property name="Group" value="txGroupDecoration"/>
			<property name="Color" value="0.4823529,0.3490196,0.2901961"/>
			<property name="Material" value="wood" />
			<property name="PaintCost" value="1" />
		</paint>

		<paint id="AOO_Texture_085" name="AOO_Texture_085">
			<property name="Diffuse" value="#@modfolder:Resources/AOO_TexturePack03.unity3d?Tiles_floor(15)_Albedo.tga"/>
			<property name="Normal" value="#@modfolder:Resources/AOO_TexturePack03.unity3d?Tiles_floor(15)_Normals.tga"/>
			<property name="Group" value="txGroupDecoration"/>
			<property name="Color" value="0.4823529,0.3490196,0.2901961"/>
			<property name="Material" value="wood" />
			<property name="PaintCost" value="1" />
		</paint>

		<paint id="AOO_Texture_086" name="AOO_Texture_086">
			<property name="Diffuse" value="#@modfolder:Resources/AOO_TexturePack03.unity3d?Tiles_floor(16)_Albedo.tga"/>
			<property name="Normal" value="#@modfolder:Resources/AOO_TexturePack03.unity3d?Tiles_floor(16)_Normals.tga"/>
			<property name="Group" value="txGroupDecoration"/>
			<property name="Color" value="0.4823529,0.3490196,0.2901961"/>
			<property name="Material" value="wood" />
			<property name="PaintCost" value="1" />
		</paint>

		<paint id="AOO_Texture_087" name="AOO_Texture_087">
			<property name="Diffuse" value="#@modfolder:Resources/AOO_TexturePack03.unity3d?Tiles_floor(17)_Albedo.tga"/>
			<property name="Normal" value="#@modfolder:Resources/AOO_TexturePack03.unity3d?Tiles_floor(17)_Normals.tga"/>
			<property name="Group" value="txGroupDecoration"/>
			<property name="Color" value="0.4823529,0.3490196,0.2901961"/>
			<property name="Material" value="wood" />
			<property name="PaintCost" value="1" />
		</paint>

		<paint id="AOO_Texture_088" name="AOO_Texture_088">
			<property name="Diffuse" value="#@modfolder:Resources/AOO_TexturePack03.unity3d?Tiles_floor(18)_Albedo.tga"/>
			<property name="Normal" value="#@modfolder:Resources/AOO_TexturePack03.unity3d?Tiles_floor(18)_Normals.tga"/>
			<property name="Group" value="txGroupDecoration"/>
			<property name="Color" value="0.4823529,0.3490196,0.2901961"/>
			<property name="Material" value="wood" />
			<property name="PaintCost" value="1" />
		</paint>

		<paint id="AOO_Texture_089" name="AOO_Texture_089">
			<property name="Diffuse" value="#@modfolder:Resources/AOO_TexturePack03.unity3d?Tiles_floor(19)_Albedo.tga"/>
			<property name="Normal" value="#@modfolder:Resources/AOO_TexturePack03.unity3d?Tiles_floor(19)_Normals.tga"/>
			<property name="Group" value="txGroupDecoration"/>
			<property name="Color" value="0.4823529,0.3490196,0.2901961"/>
			<property name="Material" value="wood" />
			<property name="PaintCost" value="1" />
		</paint>

		<paint id="AOO_Texture_090" name="AOO_Texture_090">
			<property name="Diffuse" value="#@modfolder:Resources/AOO_TexturePack03.unity3d?Tiles_floor(20)_Albedo.tga"/>
			<property name="Normal" value="#@modfolder:Resources/AOO_TexturePack03.unity3d?Tiles_floor(20)_Normals.tga"/>
			<property name="Group" value="txGroupDecoration"/>
			<property name="Color" value="0.4823529,0.3490196,0.2901961"/>
			<property name="Material" value="wood" />
			<property name="PaintCost" value="1" />
		</paint>


-->

	</append>
</configs>